﻿<skins>
<imgframe name=mainbgbody src="IDB_MAIN_BG_BODY" top=89 left=7 mode=mask crbg=FBFCFD/>
<imghorzex name=mainbghead src="IDB_MAIN_BG_HEAD" left=3/>
<imghorzex name=mainbgfoot src="IDB_MAIN_BG_FOOT" left="2"/>

<imghorzex name=progressbg src="IDB_PROGRESS_BAR_BG" mode=mask left=3/>
<imghorzex name=progresspos src="IDB_PROGRESS_BAR_VALUE" mode=mask left=3/>

<imgframe name=panel src="IDB_FRAME_PANEL" top=1 left=1 crbg=FBFCFD/>
<imgframe name=panelgray src="IDB_FRAME_PANEL_GRAY" top=1 left=1 crbg=FBFCFD/>
<imgframe name=panelwhite src="IDB_FRAME_PANEL" top=1 left=1 crbg=FBFCFD/>
<imgframe name=panelclear src="IDB_CLEAR_PANEL" mode=mask top=7 left=7 crbg=FBFCFD/>
<imgframe name=tabpage src="IDB_FRAME_PANEL" top=1 left=1 crbg=FBFCFD part=center/>

<imgframe name="softtopbk" src="IDB_MAIN_BG_BODY"  top="36" left="3" />
<imgframe name=msgboxhead src="IDB_MSGBOX_HEADER" top=32 left=5 crbg=FBFCFD part=top/>
<imgframe name=msgboxbody src="IDB_MSGBOX_BODY" top=0 left=2 crbg=FBFCFD part=middle/>
<imgframe name=msgboxfoot src="IDB_MSGBOX_BODY" top=0 left=2 crbg=FBFCFD part=bottom/>
<button name=uglybtn/>  
<button name=normalbtn border=7D9EBC bg=FBFCFD bgup=FEFEFE bgdown=C6E2FD bguphover=FEFEFE bgdownhover=DBEDFE bguppush=C6E2FD bgdownpush=FEFEFE/>  

<imghorzex name=progressposred src="IDB_PROGRESS_BAR_VALUE_RED" mode=mask left=3/>
<imghorzex name=listheaderbg src="IDB_BITMAP_LISTCTRL_HEADER" mode=mask left=2/>
<imglst name=closebtn src="IDB_BTN_SYS_CLOSE" subwidth=21/>
<png name=closeonlybtn src="IDP_BTN_SYS_CLOSE_ONLY" subwidth=43/>
<imglst name=leftfilterbtn src="IDB_BTN_FILTER_LEFT" subwidth=125/>
<imglst name=rightfilterbtn src="IDB_BTN_FILTER_RIGHT" subwidth=30/>

<imglst name=stat15 src="IDB_STATUS_ICON" mode=mask subwidth=15/>
<imglst name=stat40 src="IDB_STATUS_ICON3" mode=mask subwidth=40/>
<png name=scanani src="IDP_EXAM_SCAN" subwidth=35/>
<png name=scananibg src="IDP_EXAM_SCAN_BG" subwidth=42/>
<gradation name=tipbg from=FFFFFF to=E4E5F0 direction=vert/>
<imglst name="ksc_logo" src="IDB_LOGO_KSC" />
<imglst name="clear_logo" src="IDB_LOGO_CLEAR" />
<png name=examstatus src="IDP_EXAM_STATUS" subwidth=48/>
<imglst name="exam_stat15" src="IDB_EXAM_STATUS_ICON" mode="mask" subwidth="15"/>
<png name=examanipng src="IDP_EXAM_ANTI" subwidth=48/>
<png name="protectionstatus3" src="IDP_PROTECTION_STATUS3" subwidth="42" mode="mask" />
<png name="protectionstatus2" src="IDP_PROTECTION_STATUS2" subwidth="32" mode="mask" />
<png name="protectionexample" src="IDP_PROTECTION_EXAMPLE" mode="mask" />
<png name="powersweep_ico" src="IDP_POWERSWEEP_ICO" />
<png name="loadinfotip" src="IDP_LOADINFO_TIP" subwidth="16" />
<imglst name="mainuibwssafe" src="IDB_MAINUI_BWS_ICON" mode="mask" subwidth="32"/>
<png name=iconprottab src="IDP_LOGO_PROTECTION_TAB" subwidth=33/>
<png name=logoprotection src="IDP_LOGO_PROTECTION" />
<png name=softmgrclear src="IDP_SOFTMGR_CLEAR" subwidth="79"/>
<png name=softmgrrevert src="IDP_SOFTMGR_REVERT" subwidth="79"/>
<png name="onekey_clean_end" src="IDB_ONEKEY_CLEAN_END" />
<imglst name="onekey_clean_advice" src="IDB_ONEKEY_CLEAN_ADVICE" />
<imglst name="onekey_clean_first" src="IDB_ONEKEY_CLEAN_FIRST" />
<png name="onekey_clean_stoped" src="IDB_ONEKEY_CLEAN_STOPED" />
<imglst name="onekey_clean_config_greentip"  src="IDB_ONEKEY_CLEAN_GREEN_TIPS" />
<png name="scan_animation" src="IDP_SCAN_ANIMATION" subwidth="54" mode="mask" />
<png name="scan_animation_bg" src="IDP_SCAN_ANIMATION_BG" subwidth="42" mode="mask" />
<png name="folder" src="IDP_FOLDER" />
<png name="process_ok" src="IDP_PROCESS_OK" />
<imglst name="bigfile_del_msgbox" src="IDB_DEL_MSGBOX_INFO" subwidth="40" mode="mask"/>
<imglst name="tabmain" src="IDB_TABMAIN" mode="mask" subwidth=71/>
<imglst name="tabsysinfo" src="IDB_TABSYSINFO" mode="mask" subwidth=69/>
<png name="tabicon" src="IDP_TABICON" subwidth=48/>
<imglst name="onekeyclean" src="IDB_ONEKEY_CLEAN" subwidth="168"/>
<imglst name="onekeyshadow" src="IDB_ONEKEY_SHAWDOW" subwidth="168"/>
<png name="onekeyflag" src="IDP_ONEKEY_FLAG" subwidth="52"/>
<imghorzex name="onekeyheader" src="IDB_ONEKEY_HEADER"/>
<imglst name="closebtn" src="IDB_BTN_SYS_CLOSE" subwidth="30"/>
<png name="maxbtn" src="IDP_BTN_SYS_MAXIMIZE" subwidth="30"/>
<png name="minbtn" src="IDP_BTN_SYS_MINIMIZE" subwidth="32"/>
</skins>
