﻿<skins>
<imgframe name=mainbgbody src="IDB_MAIN_BG_BODY" top=89 left=7 mode=mask crbg=FBFCFD/>
<imghorzex name=mainbghead src="IDB_MAIN_BG_HEAD" left=3/>
<imghorzex name=mainbgfoot src="IDB_MAIN_BG_FOOT" left="2"/>

<imghorzex name=progressbg src="IDB_PROGRESS_BAR_BG" mode=mask left=3/>
<imghorzex name=progresspos src="IDB_PROGRESS_BAR_VALUE" mode=mask left=3/>

<imgframe name=panel src="IDB_FRAME_PANEL" top=1 left=1 crbg=FBFCFD/>
<imgframe name=panelgray src="IDB_FRAME_PANEL_GRAY" top=1 left=1 crbg=FBFCFD/>
<imgframe name=panelwhite src="IDB_FRAME_PANEL" top=1 left=1 crbg=FBFCFD/>
<imgframe name=panelclear src="IDB_CLEAR_PANEL" mode=mask top=7 left=7 crbg=FBFCFD/>
<imgframe name=tabpage src="IDB_FRAME_PANEL" top=1 left=1 crbg=FBFCFD part=center/>

<imgframe name="softtopbk" src="IDB_MAIN_BG_BODY"  top="36" left="3" />
<imgframe name=msgboxhead src="IDB_MSGBOX_HEADER" top=32 left=5 crbg=FBFCFD part=top/>
<imgframe name=msgboxbody src="IDB_MSGBOX_BODY" top=0 left=2 crbg=FBFCFD part=middle/>
<imgframe name=msgboxfoot src="IDB_MSGBOX_BODY" top=0 left=2 crbg=FBFCFD part=bottom/>
<button name=uglybtn/>  
<button name=normalbtn border=7D9EBC bg=FBFCFD bgup=FEFEFE bgdown=C6E2FD bguphover=FEFEFE bgdownhover=DBEDFE bguppush=C6E2FD bgdownpush=FEFEFE/>  

<imghorzex name=progressposred src="IDB_PROGRESS_BAR_VALUE_RED" mode=mask left=3/>
<imghorzex name=listheaderbg src="IDB_BITMAP_LISTCTRL_HEADER" mode=mask left=2/>
<imglst name=closebtn src="IDB_BTN_SYS_CLOSE" subwidth=21/>
<png name=closeonlybtn src="IDP_BTN_SYS_CLOSE_ONLY" subwidth=43/>
<imglst name=leftfilterbtn src="IDB_BTN_FILTER_LEFT" subwidth=125/>
<imglst name=rightfilterbtn src="IDB_BTN_FILTER_RIGHT" subwidth=30/>

<imglst name="tabmain" src="IDB_TABMAIN" mode="mask" subwidth=71/>
<imglst name="tabsysinfo" src="IDB_TABSYSINFO" mode="mask" subwidth=69/>
<png name="tabicon" src="IDP_TABICON" subwidth=48/>
<imghorzex name="onekeyheader" src="IDB_ONEKEY_HEADER"/>
<imglst name="closebtn" src="IDB_BTN_SYS_CLOSE" subwidth="30"/>
<png name="maxbtn" src="IDP_BTN_SYS_MAXIMIZE" subwidth="30"/>
<png name="minbtn" src="IDP_BTN_SYS_MINIMIZE" subwidth="32"/>
<png name="restorebtn" src="IDP_BTN_SYS_RESTORE" subwidth="30"/>
</skins>
