﻿<layer title="ZeroLag" width="800" height="600" appwin="1">
	<header class="mainhead" width="full" height="23">
		<icon src="ICON_MAIN" pos="5,4"/>
		<text class="dlgtitle" pos="25,6">ZeroLag 2.0.5</text>
		<imgbtn id="60003" class="linkimage" skin="minbtn" pos="-105,1"/>
		<imgbtn id="60002" class="linkimage" skin="maxbtn" pos="-73,1"/>
		<imgbtn id="60001" class="linkimage" skin="closeonlybtn" pos="-43,1"/>
	</header>
	<body class="mainbody" width="full" height="full">
		<tabctrl id="1" tabwidth="71" tabheight="71" tabskin="tabmain" iconskin="tabicon"  crtext="ffffff" tabspacing="5" tabpos="1" framepos="7" pos="10,4,-0,-1" icon-x="10" icon-y="1" text-x="0" text-y="25">
			<tab title="签名扫描" width="full" height="full" crtext="FFFFFF">
				<!--text  class="BlueText" pos="100,30">C:\windows\system32\</text-->
				<realwnd id="1002" ctrlid="1002" class="edit" pos="100,25,-180,45" />
				<button id="1105" class="normalbtn" pos="-150,20,-50,50">选择目录</button>
				<realwnd id="1001" ctrlid="1001" pos="10,55,-10,-50" />
				<button id="1101" class="normalbtn" pos="100,-40,200,-10">扫描设置</button>
				<button id="1102" class="normalbtn" pos="250,-40,350,-10">开始扫描</button>
				<button id="1103" class="normalbtn" pos="400,-40,500,-10">暂停扫描</button>
				<button id="1104" class="normalbtn" pos="550,-40,650,-10">停止扫描</button>
			</tab>
			<tab title="启动项管理" width="full" height="full" crtext="FFFFFF">
			</tab>
			<tab title="进程管理" width="full" height="full" crtext="FFFFFF">
			</tab>
			<tab title="计算机信息" width="full" height="full" crtext="FFFFFF">
			</tab>
			<tab title="服务管理" width="full" height="full" crtext="000000">
				<realwnd id="2001" ctrlid="2001" pos="10,20,-10,-50" />
				<check id="2101" pos="100,-30">隐藏未运行服务</check>
				<button id="2102" class="normalbtn" pos="250,-40,350,-10">刷新</button>
			</tab>
			<tab title="U盘维护" width="full" height="full" crtext="FFFFFF">
			</tab>
			<tab title="右键管理" width="full" height="full" crtext="FFFFFF">
			</tab>
		</tabctrl>
	</body>
	<footer class="mainfoot" width="full" height="23" crbg=FFB9B9>
	</footer>
</layer>
